{
    "loss": 15.143548011779785,
    "accuracy": 0.5456621050834656
}